WatershedName,RunID,Scenario
Mule_Creek_UND,mdobre-pericardial-dermatitis,CurCond
PikfootCreek_UND,mdobre-constricting-ligand,CurCond
LittleCamasTribFSR383_UND,mdobre-palatal-vulture,CurCond
LittleCamasFSR383_UND,mdobre-bloodshot-sensibility,CurCond
UnamedTribFSR383_UND,mdobre-austere-saccharin,CurCond
GipsyCreekDrawFSR8961_UND,mdobre-compelling-sophistication,CurCond
GipsyCreekFSR8961_UND,mdobre-efficacious-detente,CurCond
GipsyCreekUnamedTribFSR8961_UND,mdobre-blemished-antagonism,CurCond
DuckCreekRdFSR139_UND,mdobre-auricular-chromium,CurCond
BaldyFaceFSR4179_UND,mdobre-rational-dichondra,CurCond
DuckCreekatFSBdy_UND,mdobre-four-pronged-dominant,CurCond
BlacktailCreekatMillerCabin_UND,mdobre-discreet-radar,CurCond
BlacktailCreekHeadwaters_UND,mdobre-widowed-console,CurCond
BlacktailCreekUnamedTrib_UND,mdobre-symphonic-midwinter,CurCond
CamasCreekBridges_UND,mdobre-rotatable-ardor,CurCond
BigCamasCreek_UND,mdobre-unrestricted-thrift,CurCond
LittleCamasCreek_UND,mdobre-solvable-pasta,CurCond
BoulderCreek_UND,mdobre-croaky-warder,CurCond
LittleBirchCreek_UND,mdobre-retributive-braggadocio,CurCond
BigBirchCreek_UND,mdobre-knotty-lightweight,CurCond
Mule_Creek_SBS,mdobre-oxidized-canter,SBS
Pickfoot_Creek_SBS,mdobre-anxious-adenopathy,SBS
LittleCamasTribFSR383_SBS,mdobre-dissipated-killifish,SBS
LittleCamasFSR383_SBS,mdobre-premedical-temperature,SBS
UnamedTribFSR383_SBS,mdobre-eighty-seven-outdoorsman,SBS
GipsyCreekDrawFSR8961_SBS,mdobre-probable-lapidary,SBS
GipsyCreekFSR8961_SBS,mdobre-pro-aflatoxin,SBS
GipsyCreekUnamedTribFSR8961_SBS,mdobre-indecisive-shroud,SBS
DuckCreekRdFSR139_SBS,mdobre-unbeknown-antimatter,SBS
BaldyFaceFSR4179_SBS,mdobre-unprecedented-territoriality,SBS
DuckCreekatFSBdy_SBS,mdobre-backless-javelin,SBS
BlacktailCreekatMillerCabin_SBS,mdobre-s-shaped-encomium,SBS
BlacktailCreekHeadwaters_SBS,mdobre-long-run-buttercup,SBS
BlacktailCreekUnamedTrib_SBS,mdobre-dark-blue-ingrate,SBS
CamasCreekBridges_SBS,mdobre-dark-blue-ingrate,SBS
BigCamasCreek_SBS,mdobre-intrinsic-insured,SBS
LittleCamasCreek_SBS,mdobre-pungent-tuna,SBS
BoulderCreek_SBS,mdobre-minimal-strum,SBS
LittleBirchCreek_SBS,mdobre-choreographic-giver,SBS
BigBirchCreek_SBS,mdobre-prosodic-worthy,SBS
